https://www.google.com,
https://youtube.com,
https://www.blogger.com,
https://microsoft.com,
https://support.google.com,
https://play.google.com,
https://linkedin.com,
https://apple.com,
https://wordpress.org,
https://cloudflare.com,
https://drive.google.com,
https://youtu.be,
https://docs.google.com,
https://maps.google.com,
https://en.wikipedia.org,
https://googleusercontent.com,
https://whatsapp.com,
https://mozilla.org,
https://europa.eu,
https://sites.google.com,
https://accounts.google.com,
https://bp.blogspot.com,
https://adobe.com,
https://plus.google.com,
https://uol.com.br,
https://amazon.com,
https://t.me,
https://feedburner.com,
https://es.wikipedia.org,
https://vimeo.com,
https://facebook.com,
https://github.com,
https://vk.com,
https://istockphoto.com,
https://wikimedia.org,
https://search.google.com,
https://www.yahoo.com,
https://files.wordpress.com,
https://forbes.com,
https://google.com.br,
https://creativecommons.org,
https://brandbucket.com,
https://google.de,
https://gravatar.com,
https://dropbox.com,
https://google.co.jp,
https://live.com,
https://cpanel.net,
https://imdb.com,
https://google.es,
https://reuters.com,
https://dailymotion.com,
https://jimdofree.com,
https://theguardian.com,
https://bbc.com,
https://cnn.com,
https://medium.com,
https://www.weebly.com,
https://mail.google.com,
https://tools.google.com,
https://w3.org,
https://draft.blogger.com,
https://news.google.com,
https://globo.com,
https://youronlinechoices.com,
https://terra.com.br,
https://policies.google.com,
https://slideshare.net,
https://pt.wikipedia.org,
https://developers.google.com,
https://fr.wikipedia.org,
https://enable-javascript.com,
https://paypal.com,
https://bbc.co.uk,
https://nih.gov,
https://gstatic.com,
https://nytimes.com,
https://who.int,
https://line.me,
https://netvibes.com,
https://nasa.gov,
https://get.google.com,
https://www.gov.uk,
https://cdc.gov,
https://pixabay.com,
https://bit.ly,
https://aboutads.info,
https://news.yahoo.com,
https://twitter.com,
https://books.google.com,
https://time.com,
https://change.org,
https://un.org,
https://abril.com.br,
https://translate.google.com,
https://google.co.uk,
https://list-manage.com,
https://buydomains.com,
https://thesun.co.uk,
https://independent.co.uk,
https://wikia.com,
https://fandom.com,
https://google.it,
https://researchgate.net,
https://mail.ru,
https://hatena.ne.jp,
https://telegraph.co.uk,
https://networkadvertising.org,
https://dailymail.co.uk,
https://ipv4.google.com,
https://shutterstock.com,
https://myaccount.google.com,
https://booking.com,
https://pinterest.com,
https://ytimg.com,
https://ft.com,
https://cpanel.com,
https://myspace.com,
https://amazon.fr,
https://shopify.com,
https://amazon.es,
https://wp.com,
https://archive.org,
https://ja.wikipedia.org,
https://express.co.uk,
https://marketingplatform.google....,
https://mirror.co.uk,
https://washingtonpost.com,
https://de.wikipedia.org,
https://plesk.com,
https://wired.com,
https://namecheap.com,
https://forms.gle,
https://t.co,
https://mediafire.com,
https://google.pl,
https://estadao.com.br,
https://android.com,
https://fb.com,
https://telegram.me,
https://cnet.com,
https://msn.com,
https://dan.com,
https://picasaweb.google.com,
https://google.fr,
https://wsj.com,
https://opera.com,
https://scribd.com,
https://usatoday.com,
https://afternic.com,
https://ig.com.br,
https://amazon.co.jp,
https://issuu.com,
https://id.wikipedia.org,
https://businessinsider.com,
https://goo.gl,
https://4shared.com,
https://amazon.co.uk,
https://elmundo.es,
https://ru.wikipedia.org,
https://office.com,
https://hugedomains.com,
https://huffpost.com,
https://foxnews.com,
https://huffingtonpost.com,
https://google.ru,
https://tinyurl.com,
https://indiatimes.com,
https://wa.me,
https://elpais.com,
https://aliexpress.com,
https://bloomberg.com,
https://ok.ru,
https://amazon.de,
https://nature.com,
https://photos.google.com,
https://surveymonkey.com,
https://newyorker.com,
https://wiley.com,
https://academia.edu,
https://nginx.com,
https://bild.de,
https://cbc.ca,
https://twitch.tv,
https://spotify.com,
https://lemonde.fr,
https://stanford.edu,
https://wikihow.com,
https://xbox.com,
https://eventbrite.com,
https://disney.com,
https://icann.org,
https://welt.de,
https://skype.com,
https://imageshack.us,
https://pinterest.de,
https://repubblica.it,
https://pl.wikipedia.org,
https://ziddu.com,
https://sedo.com,
https://amazon.it,
https://sciencedaily.com,
https://insider.com,
https://deezer.com,
https://arxiv.org,
https://alibaba.com,
https://mega.nz,
https://lefigaro.fr,
https://zdf.de,
https://picasa.google.com,
https://themeforest.net,
https://sputniknews.com,
https://www.gov.br,
https://netflix.com,
https://storage.googleapis.com,
https://bp1.blogger.com,
https://theatlantic.com,
https://php.net,
https://disqus.com,
https://news.com.au,
https://goodreads.com,
https://xinhuanet.com,
https://thenai.org,
https://photobucket.com,
https://lycos.com,
https://qq.com,
https://ftc.gov,
https://ikea.com,
https://ea.com,
https://biglobe.ne.jp,
https://hollywoodreporter.com,
https://clickbank.net,
https://cambridge.org,
https://springer.com,
https://dreamstime.com,
https://nikkei.com,
https://abc.net.au,
https://ign.com,
https://walmart.com,
https://prezi.com,
https://bandcamp.com,
https://m.wikipedia.org,
https://metro.co.uk,
https://liberation.fr,
https://oup.com,
https://timeweb.ru,
https://ietf.org,
https://hp.com,
https://secureserver.net,
https://photos1.blogger.com,
https://ebay.com,
https://zoom.us,
https://techcrunch.com,
https://buzzfeed.com,
https://britannica.com,
https://yahoo.co.jp,
https://cornell.edu,
https://gofundme.com,
https://abc.es,
https://gooyaabitemplates.com,
https://freepik.com,
https://npr.org,
https://kickstarter.com,
https://instagram.com,
https://linktr.ee,
https://as.com,
https://google.nl,
https://plos.org,
https://google.com.tw,
https://ted.com,
https://rakuten.co.jp,
https://urbandictionary.com,
https://bloglovin.com,
https://playstation.com,
https://discord.com,
https://chicagotribune.com,
https://unesco.org,
https://canva.com,
https://ovh.com,
https://leparisien.fr,
https://nydailynews.com,
https://groups.google.com,
https://instructables.com,
https://privacyshield.gov,
https://ggpht.com,
https://steampowered.com,
https://yandex.ru,
https://parallels.com,
https://dw.com,
https://pexels.com,
https://addtoany.com,
https://feedproxy.google.com,
https://code.google.com,
https://dailystar.co.uk,
https://quora.com,
https://gizmodo.com,
https://latimes.com,
https://weibo.com,
https://nypost.com,
https://psychologytoday.com,
https://mozilla.com,
https://huawei.com,
https://lavanguardia.com,
https://bp2.blogger.com,
https://google.co.in,
https://economist.com,
https://ovh.net,
https://netlify.app,
https://sapo.pt,
https://newsweek.com,
https://vice.com,
https://tripadvisor.com,
https://ibm.com,
https://oracle.com,
https://amzn.to,
https://hm.com,
https://webmd.com,
https://pinterest.fr,
https://apache.org,
https://addthis.com,
https://bing.com,
https://nginx.org,
https://guardian.co.uk,
https://ria.ru,
https://francetvinfo.fr,
https://standard.co.uk,
https://gnu.org,
https://cbsnews.com,
https://20minutos.es,
https://www.wix.com,
https://yelp.com,
https://alicdn.com,
https://search.yahoo.com,
https://espn.com,
https://doubleclick.net,
https://naver.com,
https://discord.gg,
https://outlook.com,
https://bitly.com,
https://pbs.org,
https://mit.edu,
https://sciencemag.org,
https://soundcloud.com,
https://sciencedirect.com,
https://nbcnews.com,
https://engadget.com,
https://gmail.com,
https://canada.ca,
https://thetimes.co.uk,
https://zendesk.com,
https://aol.com,
https://offset.com,
https://mashable.com,
https://smh.com.au,
https://abcnews.go.com,
https://www.wikipedia.org,
https://it.wikipedia.org,
https://sfgate.com,
https://ca.gov,
https://e-recht24.de,
https://berkeley.edu,
https://doi.org,
https://target.com,
https://calendar.google.com,
https://adssettings.google.com,
https://nationalgeographic.com,
https://spiegel.de,
https://akamaihd.net,
https://whitehouse.gov,
https://harvard.edu,
https://samsung.com,
https://akamaized.net,
https://rapidshare.com,
https://e-monsite.com,
https://finance.yahoo.com,
https://googleblog.com,
https://clarin.com,
https://detik.com,
https://t-online.de,
https://www.over-blog.com,
https://rtve.es,
https://cnil.fr,
https://rt.com,
https://yadi.sk,
https://google.ca,
https://variety.com,
https://cnbc.com,
https://godaddy.com,
https://sendspace.com,
https://theverge.com,
https://about.com,
https://tiktok.com,
https://www.livejournal.com,
https://redbull.com,
https://dreniq.com,
https://ebay.co.uk,
https://twimg.com,
https://nokia.com,
https://dictionary.com,
https://etsy.com,
https://yandex.com,
https://google.co.id,
https://box.com,
https://washington.edu,
https://kompas.com,
https://adweek.com,
https://faz.net,
https://indianexpress.com,
https://bbci.co.uk,
https://steamcommunity.com,
https://venturebeat.com,
https://about.me,
https://corriere.it,
https://timeout.com,
https://oecd.org,
https://kakao.com,
https://softonic.com,
https://focus.de,
https://sky.com,
https://statista.com,
https://politico.com,
https://jhu.edu,
https://python.org,
https://unam.mx,
https://asus.com,
https://techradar.com,
https://nl.wikipedia.org,
https://merriam-webster.com,
https://weather.com,
https://gettyimages.com,
https://over-blog-kiwi.com,
https://g.co,
https://yale.edu,
https://bustle.com,
https://usgs.gov,
https://sports.yahoo.com,
https://fortune.com,
https://coursera.org,
https://zippyshare.com,
https://airbnb.com,
https://amazon.ca,
https://goo.ne.jp,
https://rollingstone.com,
https://alter.com,
https://pcmag.com,
https://elsevier.com,
https://howstuffworks.com,
https://com.com,
https://jstor.org,
https://fifa.com,
https://alexa.com,
https://inc.com,
https://ibtimes.com,
https://eonline.com,
https://so-net.ne.jp,
https://ovh.co.uk,
https://debian.org,
https://mystrikingly.com,
https://theglobeandmail.com,
https://archives.gov,
https://home.neustar,
https://public-api.wordpress.com,
https://storage.canalblog.com,
https://viglink.com,
https://uefa.com,
https://sagepub.com,
https://sina.com.cn,
https://cbslocal.com,
https://ads.google.com,
https://fda.gov,
https://intel.com,
https://channel4.com,
https://foursquare.com,
https://allaboutcookies.org,
https://epa.gov,
https://marketwatch.com,
https://windowsphone.com,
https://www.canalblog.com,
https://excite.co.jp,
https://fbsbx.com,
https://geocities.com,
https://example.com,
https://mysql.com,
https://ameblo.jp,
https://usda.gov,
https://stuff.co.nz,
https://megaupload.com,
https://noaa.gov,
https://giphy.com,
https://amazon.in,
https://hindustantimes.com,
https://rottentomatoes.com,
https://thefreedictionary.com,
https://prnewswire.com,
https://pinterest.co.uk,
https://worldbank.org,
https://nvidia.com,
https://ox.ac.uk,
https://unsplash.com,
https://rbc.ru
